name	url	sku	priority
Автотовары. Аксессуары в салон и багажник. Аварийные принадлежности	https://www.wildberries.ru/catalog/avtotovary/avtoaksessuary-i-dopolnitelnoe-oborudovanie/aksessuary-v-salon-i-bagazhnik/avariynye-prinadlezhnosti	0	2
Автотовары. Аксессуары в салон и багажник. Автокресла и аксессуары	https://www.wildberries.ru/catalog/avtotovary/avtoaksessuary-i-dopolnitelnoe-oborudovanie/aksessuary-v-salon-i-bagazhnik/avtokresla-i-aksessuary	0	4
Автотовары. Аксессуары в салон и багажник. Автомобильные компрессоры	https://www.wildberries.ru/catalog/avtotovary/avtoaksessuary-i-dopolnitelnoe-oborudovanie/aksessuary-v-salon-i-bagazhnik/avtomobilnye-kompressory	0	2
Автотовары. Аксессуары в салон и багажник. Аксессуары для водителя	https://www.wildberries.ru/catalog/avtotovary/avtoaksessuary-i-dopolnitelnoe-oborudovanie/aksessuary-v-salon-i-bagazhnik/aksessuary-dlya-voditelya	0	4
Автотовары. Аксессуары в салон и багажник. Ароматизаторы	https://www.wildberries.ru/catalog/avtotovary/avtoaksessuary-i-dopolnitelnoe-oborudovanie/aksessuary-v-salon-i-bagazhnik/aromatizatory	0	1
Автотовары. Аксессуары в салон и багажник. Держатели	https://www.wildberries.ru/catalog/avtotovary/avtoaksessuary-i-dopolnitelnoe-oborudovanie/aksessuary-v-salon-i-bagazhnik/derzhateli	0	1
Автотовары. Аксессуары в салон и багажник. Домкраты	https://www.wildberries.ru/catalog/avtotovary/avtoaksessuary-i-dopolnitelnoe-oborudovanie/aksessuary-v-salon-i-bagazhnik/domkraty	0	4
Автотовары. Аксессуары в салон и багажник. Изоляционные материалы	https://www.wildberries.ru/catalog/avtotovary/avtoaksessuary-i-dopolnitelnoe-oborudovanie/aksessuary-v-salon-i-bagazhnik/izolyatsionnye-materialy	0	3
Автотовары. Аксессуары в салон и багажник. Канистры	https://www.wildberries.ru/catalog/avtotovary/avtoaksessuary-i-dopolnitelnoe-oborudovanie/aksessuary-v-salon-i-bagazhnik/kanistry	0	1
Автотовары. Аксессуары в салон и багажник. Наборы автомобилиста	https://www.wildberries.ru/catalog/avtotovary/avtoaksessuary-i-dopolnitelnoe-oborudovanie/aksessuary-v-salon-i-bagazhnik/nabory-avtomobilista	0	4
Автотовары. Аксессуары в салон и багажник. Органайзеры и сумки	https://www.wildberries.ru/catalog/avtotovary/avtoaksessuary-i-dopolnitelnoe-oborudovanie/aksessuary-v-salon-i-bagazhnik/organayzery-i-sumki	0	1
Автотовары. Аксессуары в салон и багажник. Термокружки и подстаканники	https://www.wildberries.ru/catalog/avtotovary/avtoaksessuary-i-dopolnitelnoe-oborudovanie/aksessuary-v-salon-i-bagazhnik/termokruzhki-i-podstakanniki	0	1
Автотовары. Аксессуары в салон и багажник. Тюнинг и внутренний декор	https://www.wildberries.ru/catalog/avtotovary/avtoaksessuary-i-dopolnitelnoe-oborudovanie/aksessuary-v-salon-i-bagazhnik/tyuning-i-vnutrenniy-dekor	0	3
Автотовары. Аксессуары в салон и багажник. Уход за автомобилем	https://www.wildberries.ru/catalog/avtotovary/avtoaksessuary-i-dopolnitelnoe-oborudovanie/aksessuary-v-salon-i-bagazhnik/ukxod-za-avtomobilem	0	3
Автотовары. Аксессуары в салон и багажник. Чехлы и оплетки. Накидки	https://www.wildberries.ru/catalog/avtotovary/avtoaksessuary-i-dopolnitelnoe-oborudovanie/aksessuary-v-salon-i-bagazhnik/chekxly-i-nakidki/nakidki	0	1
Автотовары. Аксессуары в салон и багажник. Чехлы и оплетки. Оплетки на руль	https://www.wildberries.ru/catalog/avtotovary/avtoaksessuary-i-dopolnitelnoe-oborudovanie/aksessuary-v-salon-i-bagazhnik/chekxly-i-nakidki/opletki-na-rul	0	4
Автотовары. Аксессуары в салон и багажник. Чехлы и оплетки. Чехлы на ручки КПП	https://www.wildberries.ru/catalog/avtotovary/avtoaksessuary-i-dopolnitelnoe-oborudovanie/aksessuary-v-salon-i-bagazhnik/chekxly-i-nakidki/chekxly-na-ruchki-kpp	0	2
Автотовары. Аксессуары в салон и багажник. Чехлы и оплетки. Чехлы на сиденье	https://www.wildberries.ru/catalog/avtotovary/avtoaksessuary-i-dopolnitelnoe-oborudovanie/aksessuary-v-salon-i-bagazhnik/chekxly-i-nakidki/chekxly-na-sidene	0	1
Автотовары. Внешний тюнинг	https://www.wildberries.ru/catalog/aksessuary/avtotovary/avtoaksessuary-i-dopolnitelnoe-oborudovanie/vneshniy-tyuning	0	1
Автотовары. Другие аксессуары и доп. оборудование. Другие автоаксессуары. Автосервис	https://www.wildberries.ru/catalog/avtotovary/avtoaksessuary-i-dopolnitelnoe-oborudovanie/drugie-avtoaksessuary/avtoservis	0	4
Автотовары. Другие аксессуары и доп. оборудование. Другие автоаксессуары. Прочие автоаксессуары	https://www.wildberries.ru/catalog/avtotovary/avtoaksessuary-i-dopolnitelnoe-oborudovanie/drugie-avtoaksessuary/prochie-avtoaksessuary	0	3
Автотовары. Другие аксессуары и доп. оборудование. Другие автоаксессуары. Рамки для номеров	https://www.wildberries.ru/catalog/avtotovary/avtoaksessuary-i-dopolnitelnoe-oborudovanie/drugie-avtoaksessuary/ramki-dlya-nomerov	0	4
Автотовары. Другие аксессуары и доп. оборудование. Защита автомобиля	https://www.wildberries.ru/catalog/aksessuary/avtotovary/avtoaksessuary-i-dopolnitelnoe-oborudovanie/zashchita-avtomobilya	0	3
Автотовары. Другие аксессуары и доп. оборудование. Охранные системы	https://www.wildberries.ru/catalog/avtotovary/avtoaksessuary-i-dopolnitelnoe-oborudovanie/ohrannye-sistemy	0	1
Автотовары. Другие аксессуары и доп. оборудование. Перевозка груза	https://www.wildberries.ru/catalog/aksessuary/avtotovary/avtoaksessuary-i-dopolnitelnoe-oborudovanie/perevozka-bagazha	0	2
Автотовары. Другие аксессуары и доп. оборудование. Электроника	https://www.wildberries.ru/catalog/aksessuary/avtotovary/avtoaksessuary-i-dopolnitelnoe-oborudovanie/elektronika	0	4
Автотовары. Запчасти для лодок и катеров. Гребные винты	https://www.wildberries.ru/catalog/avtotovary/zapchasti-dlya-lodok-i-katerov/grebnye-vinty	0	4
Автотовары. Запчасти для лодок и катеров. Другие запчасти	https://www.wildberries.ru/catalog/avtotovary/zapchasti-dlya-lodok-i-katerov/drugie-zapchasti	0	4
Автотовары. Запчасти для лодок и катеров. Запчасти лодочного мотора	https://www.wildberries.ru/catalog/avtotovary/zapchasti-dlya-lodok-i-katerov/zapchasti-lodochnogo-motora	0	3
Автотовары. Запчасти для лодок и катеров. Крепежи	https://www.wildberries.ru/catalog/avtotovary/zapchasti-dlya-lodok-i-katerov/krepezhi	0	4
Автотовары. Запчасти для лодок и катеров. Палубное оборудование	https://www.wildberries.ru/catalog/avtotovary/zapchasti-dlya-lodok-i-katerov/palubnoe-oborudovanie	0	3
Автотовары. Запчасти для лодок и катеров. Подшипники и вкладыши	https://www.wildberries.ru/catalog/avtotovary/zapchasti-dlya-lodok-i-katerov/podshipniki-i-vkladyshi	0	1
Автотовары. Запчасти для лодок и катеров. Поршневая группа	https://www.wildberries.ru/catalog/avtotovary/zapchasti-dlya-lodok-i-katerov/porshnevaya-gruppa	0	2
Автотовары. Запчасти для лодок и катеров. Прокладки лодочного мотора	https://www.wildberries.ru/catalog/avtotovary/zapchasti-dlya-lodok-i-katerov/prokladki-lodochnogo-motora	0	2
Автотовары. Запчасти для лодок и катеров. Редукторы	https://www.wildberries.ru/catalog/avtotovary/zapchasti-dlya-lodok-i-katerov/reduktory	0	1
Автотовары. Запчасти для лодок и катеров. Ремкомплекты	https://www.wildberries.ru/catalog/avtotovary/zapchasti-dlya-lodok-i-katerov/remkomplekty	0	1
Автотовары. Запчасти для лодок и катеров. Система зажигания	https://www.wildberries.ru/catalog/avtotovary/zapchasti-dlya-lodok-i-katerov/sistema-zazhiganiya	0	2
Автотовары. Запчасти для лодок и катеров. Система охлаждения	https://www.wildberries.ru/catalog/avtotovary/zapchasti-dlya-lodok-i-katerov/sistema-okxlazhdeniya	0	2
Автотовары. Запчасти для лодок и катеров. Топливная система	https://www.wildberries.ru/catalog/avtotovary/zapchasti-dlya-lodok-i-katerov/toplivnaya-sistema	0	2
Автотовары. Запчасти для лодок и катеров. Уплотнители	https://www.wildberries.ru/catalog/avtotovary/zapchasti-dlya-lodok-i-katerov/uplotniteli	0	2
Автотовары. Запчасти для лодок и катеров. Управление	https://www.wildberries.ru/catalog/avtotovary/zapchasti-dlya-lodok-i-katerov/upravlenie	0	1
Автотовары. Запчасти для лодок и катеров. Электрооборудование	https://www.wildberries.ru/catalog/avtotovary/zapchasti-dlya-lodok-i-katerov/elektrooborudovanie	0	4
Автотовары. Запчасти на силовую технику	https://www.wildberries.ru/catalog/avtotovary/zapchasti-na-silovuyu-tehniku	0	3
Автотовары. Запчасти. Двигатель. Газораспределение	https://www.wildberries.ru/catalog/avtotovary/zapchasti-na-legkovye-avtomobili/dvigatel/gazoraspredelenie	0	2
Автотовары. Запчасти. Двигатель. Двигатели и комплектующие	https://www.wildberries.ru/catalog/avtotovary/zapchasti-na-legkovye-avtomobili/dvigatel/dvigateli-i-komplektuyushchie	0	4
Автотовары. Запчасти. Двигатель. Крепежи и фиксаторы	https://www.wildberries.ru/catalog/avtotovary/zapchasti-na-legkovye-avtomobili/dvigatel/krepezhi-i-fiksatory	0	3
Автотовары. Запчасти. Двигатель. Основные части двигателя	https://www.wildberries.ru/catalog/avtotovary/zapchasti-na-legkovye-avtomobili/dvigatel/osnovnye-chasti-dvigatelya	0	3
Автотовары. Запчасти. Двигатель. Прокладки и сальники	https://www.wildberries.ru/catalog/avtotovary/zapchasti-na-legkovye-avtomobili/dvigatel/prokladki-i-salniki	0	3
Автотовары. Запчасти. Двигатель. Ремни приводные	https://www.wildberries.ru/catalog/avtotovary/zapchasti-na-legkovye-avtomobili/dvigatel/remni-privodnye	0	1
Автотовары. Запчасти. Двигатель. Ролики автомобильные	https://www.wildberries.ru/catalog/avtotovary/zapchasti-na-legkovye-avtomobili/dvigatel/roliki-avtomobilnye	0	2
Автотовары. Запчасти. Двигатель. Система смазки	https://www.wildberries.ru/catalog/avtotovary/zapchasti-na-legkovye-avtomobili/dvigatel/sistema-smazki	0	1
Автотовары. Запчасти. Детали салона	https://www.wildberries.ru/catalog/avtotovary/zapchasti-na-legkovye-avtomobili/detali-salona	0	1
Автотовары. Запчасти. Кузов	https://www.wildberries.ru/catalog/avtotovary/zapchasti-na-legkovye-avtomobili/kuzov	0	2
Автотовары. Запчасти. Отопление и кондиционирование	https://www.wildberries.ru/catalog/avtotovary/zapchasti-na-legkovye-avtomobili/otoplenie-i-konditsionirovanie	0	2
Автотовары. Запчасти. Ремкомплекты автомобильные	https://www.wildberries.ru/catalog/avtotovary/zapchasti-na-legkovye-avtomobili/remkomplekty-avtomobilnye	0	1
Автотовары. Запчасти. Рулевое управление	https://www.wildberries.ru/catalog/avtotovary/zapchasti-na-legkovye-avtomobili/rulevoe-upravlenie	0	2
Автотовары. Запчасти. Система выпуска	https://www.wildberries.ru/catalog/avtotovary/zapchasti-na-legkovye-avtomobili/sistema-vypuska	0	2
Автотовары. Запчасти. Система охлаждения	https://www.wildberries.ru/catalog/avtotovary/zapchasti-na-legkovye-avtomobili/sistema-ohlazhdeniya	0	3
Автотовары. Запчасти. Стеклоочистители. Комплектующие стеклоочистителя	https://www.wildberries.ru/catalog/avtotovary/zapchasti-na-legkovye-avtomobili/stekloochistiteli/komplektuyushchie-stekloochistitelya	0	3
Автотовары. Запчасти. Стеклоочистители. Щетки стеклоочистителя	https://www.wildberries.ru/catalog/avtotovary/zapchasti-na-legkovye-avtomobili/stekloochistiteli/shchetki-stekloochistitelya	0	1
Автотовары. Запчасти. Топливная система	https://www.wildberries.ru/catalog/avtotovary/zapchasti-na-legkovye-avtomobili/toplivnaya-sistema	0	1
Автотовары. Запчасти. Тормозная система. Другие комплектующие	https://www.wildberries.ru/catalog/avtotovary/zapchasti-na-legkovye-avtomobili/tormoznaya-sistema/drugie-komplektuyushchie	0	3
Автотовары. Запчасти. Тормозная система. Комплекты тормозов	https://www.wildberries.ru/catalog/avtotovary/zapchasti-na-legkovye-avtomobili/tormoznaya-sistema/komplekty-tormozov	0	3
Автотовары. Запчасти. Тормозная система. Рычаги	https://www.wildberries.ru/catalog/avtotovary/zapchasti-na-legkovye-avtomobili/tormoznaya-sistema/rychagi	0	2
Автотовары. Запчасти. Тормозная система. Стояночные тормоза	https://www.wildberries.ru/catalog/avtotovary/zapchasti-na-legkovye-avtomobili/tormoznaya-sistema/stoyanochnye-tormoza	0	3
Автотовары. Запчасти. Тормозная система. Суппорты	https://www.wildberries.ru/catalog/avtotovary/zapchasti-na-legkovye-avtomobili/tormoznaya-sistema/supporty	0	2
Автотовары. Запчасти. Тормозная система. Тормозные барабаны	https://www.wildberries.ru/catalog/avtotovary/zapchasti-na-legkovye-avtomobili/tormoznaya-sistema/tormoznye-barabany	0	1
Автотовары. Запчасти. Тормозная система. Тормозные диски	https://www.wildberries.ru/catalog/avtotovary/zapchasti-na-legkovye-avtomobili/tormoznaya-sistema/tormoznye-diski	0	4
Автотовары. Запчасти. Тормозная система. Тормозные колодки	https://www.wildberries.ru/catalog/avtotovary/zapchasti-na-legkovye-avtomobili/tormoznaya-sistema/tormoznye-kolodki	0	2
Автотовары. Запчасти. Тормозная система. Тормозные шланги	https://www.wildberries.ru/catalog/avtotovary/zapchasti-na-legkovye-avtomobili/tormoznaya-sistema/tormoznye-shlangi	0	3
Автотовары. Запчасти. Тормозная система. Тросовые приводы	https://www.wildberries.ru/catalog/avtotovary/zapchasti-na-legkovye-avtomobili/tormoznaya-sistema/trosovye-privody	0	4
Автотовары. Запчасти. Тормозная система. Трубопроводы	https://www.wildberries.ru/catalog/avtotovary/zapchasti-na-legkovye-avtomobili/tormoznaya-sistema/truboprovody	0	2
Автотовары. Запчасти. Тормозная система. Тяги	https://www.wildberries.ru/catalog/avtotovary/zapchasti-na-legkovye-avtomobili/tormoznaya-sistema/tyagi	0	2
Автотовары. Запчасти. Тормозная система. Усилители тормоза	https://www.wildberries.ru/catalog/avtotovary/zapchasti-na-legkovye-avtomobili/tormoznaya-sistema/usiliteli-tormoza	0	3
Автотовары. Запчасти. Тормозная система. Фильтры	https://www.wildberries.ru/catalog/avtotovary/zapchasti-na-legkovye-avtomobili/tormoznaya-sistema/filtry	0	1
Автотовары. Запчасти. Трансмиссия	https://www.wildberries.ru/catalog/avtotovary/zapchasti-na-legkovye-avtomobili/transmissiya	0	2
Автотовары. Запчасти. Ходовая часть. Амортизаторы и комплектующие	https://www.wildberries.ru/catalog/avtotovary/zapchasti-na-legkovye-avtomobili/hodovaya-chast/amortizatory-i-komplektuyushchie	0	1
Автотовары. Запчасти. Ходовая часть. Прочие компоненты подвески	https://www.wildberries.ru/catalog/avtotovary/zapchasti-na-legkovye-avtomobili/hodovaya-chast/prochie-komponenty-podveski	0	2
Автотовары. Запчасти. Ходовая часть. Рычаги подвески	https://www.wildberries.ru/catalog/avtotovary/zapchasti-na-legkovye-avtomobili/hodovaya-chast/rychagi-podveski	0	2
Автотовары. Запчасти. Ходовая часть. Стабилизаторы и комплектующие	https://www.wildberries.ru/catalog/avtotovary/zapchasti-na-legkovye-avtomobili/hodovaya-chast/stabilizatory-i-komplektuyushchie	0	3
Автотовары. Запчасти. Ходовая часть. Ступицы и подшипники	https://www.wildberries.ru/catalog/avtotovary/zapchasti-na-legkovye-avtomobili/hodovaya-chast/stupitsy-i-podshipniki	0	2
Автотовары. Запчасти. Электрооборудование. Датчики автомобильные	https://www.wildberries.ru/catalog/avtotovary/zapchasti-na-legkovye-avtomobili/elektrooborudovanie/datchiki-avtomobilnye	0	2
Автотовары. Запчасти. Электрооборудование. Двигатели и электроприводы	https://www.wildberries.ru/catalog/avtotovary/zapchasti-na-legkovye-avtomobili/elektrooborudovanie/dvigateli-i-elektroprivody	0	2
Автотовары. Запчасти. Электрооборудование. Зажигание	https://www.wildberries.ru/catalog/avtotovary/zapchasti-na-legkovye-avtomobili/elektrooborudovanie/zazhiganie	0	1
Автотовары. Запчасти. Электрооборудование. Запуск и питание	https://www.wildberries.ru/catalog/avtotovary/zapchasti-na-legkovye-avtomobili/elektrooborudovanie/zapusk-i-pitanie	0	2
Автотовары. Запчасти. Электрооборудование. Механизмы и кабели	https://www.wildberries.ru/catalog/avtotovary/zapchasti-na-legkovye-avtomobili/elektrooborudovanie/mekxanizmy-i-kabeli	0	1
Автотовары. Запчасти. Электрооборудование. Управление и контроль	https://www.wildberries.ru/catalog/avtotovary/zapchasti-na-legkovye-avtomobili/elektrooborudovanie/upravlenie-i-kontrol	0	4
Автотовары. Запчасти. Электрооборудование. Фары и освещение	https://www.wildberries.ru/catalog/avtotovary/zapchasti-na-legkovye-avtomobili/elektrooborudovanie/fary-i-osveshchenie	0	4
Автотовары. Инструменты. Автосервисное оборудование	https://www.wildberries.ru/catalog/avtotovary/instrumenty/avtoservisnoe-oborudovanie	0	2
Автотовары. Инструменты. Диагностический инструмент	https://www.wildberries.ru/catalog/avtotovary/instrumenty/diagnosticheskiy-instrument	0	2
Автотовары. Инструменты. Другие автоинструменты	https://www.wildberries.ru/catalog/avtotovary/instrumenty/drugie-avtoinstrumenty	0	1
Автотовары. Инструменты. Ключи	https://www.wildberries.ru/catalog/avtotovary/instrumenty/klyuchi	0	1
Автотовары. Инструменты. Крепежный инструмент	https://www.wildberries.ru/catalog/avtotovary/instrumenty/krepezhnyy-instrument	0	3
Автотовары. Инструменты. Наборы инструментов	https://www.wildberries.ru/catalog/avtotovary/instrumenty/nabory-instrumentov	0	2
Автотовары. Инструменты. Слесарный инструмент	https://www.wildberries.ru/catalog/avtotovary/instrumenty/slesarnyy-instrument	0	1
Автотовары. Инструменты. Съемники	https://www.wildberries.ru/catalog/avtotovary/instrumenty/semniki	0	1
Автотовары. Инструменты. Тестеры	https://www.wildberries.ru/catalog/avtotovary/instrumenty/testery	0	3
Автотовары. Коврики	https://www.wildberries.ru/catalog/avtotovary/kovriki	0	3
Автотовары. Краски и грунтовки. Грунтовки автомобильные	https://www.wildberries.ru/catalog/avtotovary/kraski-i-gruntovki/gruntovki	0	1
Автотовары. Краски и грунтовки. Краски автомобильные	https://www.wildberries.ru/catalog/avtotovary/kraski-i-gruntovki/kraski	0	4
Автотовары. Краски и грунтовки. Краски аэрозольные автомобильные	https://www.wildberries.ru/catalog/avtotovary/kraski-i-gruntovki/kraski-aerozolnye	0	4
Автотовары. Краски и грунтовки. Эмали автомобильные	https://www.wildberries.ru/catalog/avtotovary/kraski/emali	0	4
Автотовары. Масла и жидкости. Гидравлические жидкости и масла	https://www.wildberries.ru/catalog/avtotovary/masla-i-zhidkosti/gidravlicheskie-zhidkosti-i-masla	0	3
Автотовары. Масла и жидкости. Жидкости эксплуатационные	https://www.wildberries.ru/catalog/avtotovary/masla-i-zhidkosti/zhidkosti-ekspluatatsionnye	0	2
Автотовары. Масла и жидкости. Масла специальные	https://www.wildberries.ru/catalog/avtotovary/masla-i-zhidkosti/masla-spetsialnye	0	3
Автотовары. Масла и жидкости. Моторное масло	https://www.wildberries.ru/catalog/avtotovary/masla-i-zhidkosti/motornye-masla	0	3
Автотовары. Масла и жидкости. Промывочные масла	https://www.wildberries.ru/catalog/avtotovary/masla-i-zhidkosti/promyvochnye-masla	0	4
Автотовары. Масла и жидкости. Тормозные жидкости	https://www.wildberries.ru/catalog/avtotovary/masla-i-zhidkosti/tormoznye-zhidkosti	0	1
Автотовары. Масла и жидкости. Трансмиссионное масло	https://www.wildberries.ru/catalog/avtotovary/masla-i-zhidkosti/transmissionnoe-maslo	0	3
Автотовары. Мойки высокого давления и аксессуары	https://www.wildberries.ru/catalog/dom/dachniy-sezon/moyki-vysokogo-davleniya-i-aksessuary	0	1
Автотовары. Мототовары. Детали корпуса	https://www.wildberries.ru/catalog/avtotovary/mototovary/detali-korpusa	0	1
Автотовары. Мототовары. Другие детали	https://www.wildberries.ru/catalog/avtotovary/mototovary/drugie-detali	0	4
Автотовары. Мототовары. Запчасти для двигателя	https://www.wildberries.ru/catalog/avtotovary/mototovary/zapchasti-dlya-dvigatelya	0	3
Автотовары. Мототовары. Мотоэкипировка	https://www.wildberries.ru/catalog/avtotovary/mototovary/motoekipirovka	0	1
Автотовары. Мототовары. Тормозная система	https://www.wildberries.ru/catalog/avtotovary/mototovary/tormoznaya-sistema	0	3
Автотовары. Мототовары. Ходовая часть	https://www.wildberries.ru/catalog/avtotovary/mototovary/hodovaya-chast	0	4
Автотовары. Мототовары. Электрооборудование	https://www.wildberries.ru/catalog/avtotovary/mototovary/elektrooborudovanie	0	3
Автотовары. Шины и диски колесные. Датчики давления	https://www.wildberries.ru/catalog/avtotovary/shiny-i-diski/datchiki-davleniya	0	2
Автотовары. Шины и диски колесные. Диски	https://www.wildberries.ru/catalog/avtotovary/shiny-i-diski/diski	0	1
Автотовары. Шины и диски колесные. Камеры	https://www.wildberries.ru/catalog/avtotovary/shiny-i-diski/kamery	0	4
Автотовары. Шины и диски колесные. Колпаки	https://www.wildberries.ru/catalog/avtotovary/shiny-i-diski/kolpaki	0	3
Автотовары. Шины и диски колесные. Комплектующие	https://www.wildberries.ru/catalog/avtotovary/shiny-i-diski/komplektuyushchie	0	3
Автотовары. Шины и диски колесные. Чехлы	https://www.wildberries.ru/catalog/avtotovary/shiny-i-diski/chekxly	0	1
Автотовары. Шины и диски колесные. Шины	https://www.wildberries.ru/catalog/avtotovary/shiny-i-diski/shiny	0	3
Аксессуары. Аксессуары для волос	https://www.wildberries.ru/catalog/aksessuary/aksessuary-dlya-volos	0	2
Аксессуары. Аксессуары для одежды	https://www.wildberries.ru/catalog/aksessuary/dekor-dlya-odezhdy	0	1
Аксессуары. Бижутерия. Аксессуары для бижутерии	https://www.wildberries.ru/catalog/aksessuary/bizhuteriya/aksessuary-dlya-bizhuterii	0	2
Аксессуары. Бижутерия. Браслеты	https://www.wildberries.ru/catalog/aksessuary/bizhuteriya/braslety	0	3
Аксессуары. Бижутерия. Брелоки	https://www.wildberries.ru/catalog/aksessuary/bizhuteriya/breloki	0	4
Аксессуары. Бижутерия. Броши	https://www.wildberries.ru/catalog/aksessuary/bizhuteriya/broshi	0	2
Аксессуары. Бижутерия. Булавки для воротника	https://www.wildberries.ru/catalog/aksessuary/bizhuteriya/bulavki-dlya-vorotnika	0	1
Аксессуары. Бижутерия. Бусы	https://www.wildberries.ru/catalog/aksessuary/bizhuteriya/busy	0	3
Аксессуары. Бижутерия. Бутоньерки	https://www.wildberries.ru/catalog/aksessuary/bizhuteriya/butonerki	0	2
Аксессуары. Бижутерия. Зажимы	https://www.wildberries.ru/catalog/aksessuary/bizhuteriya/zazhimy	0	1
Аксессуары. Бижутерия. Запонки	https://www.wildberries.ru/catalog/aksessuary/bizhuteriya/zaponki	0	1
Аксессуары. Бижутерия. Значки	https://www.wildberries.ru/catalog/aksessuary/bizhuteriya/znachki	0	4
Аксессуары. Бижутерия. Колье	https://www.wildberries.ru/catalog/aksessuary/bizhuteriya/kole	0	2
Аксессуары. Бижутерия. Кольца	https://www.wildberries.ru/catalog/aksessuary/bizhuteriya/koltsa	0	3
Аксессуары. Бижутерия. Комплекты	https://www.wildberries.ru/catalog/aksessuary/bizhuteriya/komplekty	0	2
Аксессуары. Бижутерия. Пирсинг	https://www.wildberries.ru/catalog/aksessuary/bizhuteriya/pirsing	0	4
Аксессуары. Бижутерия. Подвески	https://www.wildberries.ru/catalog/aksessuary/bizhuteriya/podveski	0	1
Аксессуары. Бижутерия. Серьги	https://www.wildberries.ru/catalog/aksessuary/bizhuteriya/sergi	0	2
Аксессуары. Бижутерия. Цепочки	https://www.wildberries.ru/catalog/aksessuary/bizhuteriya/tsepochki	0	1
Аксессуары. Бижутерия. Четки	https://www.wildberries.ru/catalog/aksessuary/bizhuteriya/chetki	0	1
Аксессуары. Бижутерия. Чокеры	https://www.wildberries.ru/catalog/aksessuary/bizhuteriya/chokery	0	1
Аксессуары. Бижутерия. Шармы	https://www.wildberries.ru/catalog/aksessuary/bizhuteriya/sharmy	0	2
Аксессуары. Веера	https://www.wildberries.ru/catalog/aksessuary/veera	0	1
Аксессуары. Галстуки и бабочки	https://www.wildberries.ru/catalog/aksessuary/galstuki-i-babochki	0	3
Аксессуары. Головные уборы	https://www.wildberries.ru/catalog/aksessuary/golovnye-ubory	0	1
Аксессуары. Зеркальца	https://www.wildberries.ru/catalog/aksessuary/zerkaltsa	0	1
Аксессуары. Зонты	https://www.wildberries.ru/catalog/aksessuary/zonty	0	3
Аксессуары. Кошельки и кредитницы	https://www.wildberries.ru/catalog/aksessuary/koshelki-i-kreditnitsy	0	3
Аксессуары. Маски для сна	https://www.wildberries.ru/catalog/aksessuary/maski-dlya-sna	0	1
Аксессуары. Носовые платки	https://www.wildberries.ru/catalog/aksessuary/nosovye-platki	0	4
Аксессуары. Очки и футляры. Аксессуары для очков	https://www.wildberries.ru/catalog/aksessuary/ochki-i-futlyary/aksessuary-dlya-ochkov	0	3
Аксессуары. Очки и футляры. Имиджевые очки	https://www.wildberries.ru/catalog/aksessuary/ochki-i-futlyary/imidzhevye-ochki	0	2
Аксессуары. Очки и футляры. Оправы и линзы	https://www.wildberries.ru/catalog/aksessuary/ochki-i-futlyary/opravy-i-linzy	0	3
Аксессуары. Очки и футляры. Очки для компьютера	https://www.wildberries.ru/catalog/aksessuary/ochki-i-futlyary/ochki-dlya-kompyutera	0	4
Аксессуары. Очки и футляры. Очки корригирующие	https://www.wildberries.ru/catalog/aksessuary/ochki-i-futlyary/ochki-korrigiruyushchie	0	3
Аксессуары. Очки и футляры. Солнцезащитные очки	https://www.wildberries.ru/catalog/aksessuary/ochki-i-futlyary/solntsezashchitnye-ochki	0	1
Аксессуары. Перчатки и варежки	https://www.wildberries.ru/catalog/aksessuary/perchatki-i-varezhki	0	2
Аксессуары. Платки и шарфы	https://www.wildberries.ru/catalog/aksessuary/platki-i-sharfy	0	1
Аксессуары. Религиозные. Ислам	https://www.wildberries.ru/catalog/aksessuary/religioznye/islam	0	1
Аксессуары. Религиозные. Православие	https://www.wildberries.ru/catalog/aksessuary/religioznye/pravoslavie	0	4
Аксессуары. Ремни и пояса	https://www.wildberries.ru/catalog/aksessuary/remni-i-poyasa	0	3
Аксессуары. Сумки и рюкзаки. Аксессуары для сумок	https://www.wildberries.ru/catalog/aksessuary/sumki-i-ryukzaki/aksessuary-dlya-sumok	0	3
Аксессуары. Сумки и рюкзаки. Для ноутбука	https://www.wildberries.ru/catalog/aksessuary/sumki/dlya-noutbuka	0	3
Аксессуары. Сумки и рюкзаки. Клатчи	https://www.wildberries.ru/catalog/aksessuary/sumki-i-ryukzaki/klatchi	0	3
Аксессуары. Сумки и рюкзаки. Косметички	https://www.wildberries.ru/catalog/aksessuary/sumki-i-ryukzaki/kosmetichki	0	2
Аксессуары. Сумки и рюкзаки. Папки-сумки	https://www.wildberries.ru/catalog/aksessuary/sumki-i-ryukzaki/papki-sumki	0	1
Аксессуары. Сумки и рюкзаки. Портфели	https://www.wildberries.ru/catalog/aksessuary/sumki-i-ryukzaki/portfeli	0	1
Аксессуары. Сумки и рюкзаки. Рюкзаки	https://www.wildberries.ru/catalog/zhenshchinam/aksessuary/sumki-i-ryukzaki/ryukzaki	0	4
Аксессуары. Сумки и рюкзаки. Сумки	https://www.wildberries.ru/catalog/aksessuary/sumki-i-ryukzaki/sumki	0	1
Аксессуары. Сумки и рюкзаки. Сумки хозяйственные	https://www.wildberries.ru/catalog/aksessuary/hozyaystvennye-sumki/sumki-hozyaystvennye	0	4
Аксессуары. Сумки и рюкзаки. Сумки-тележки	https://www.wildberries.ru/catalog/aksessuary/hozyaystvennye-sumki/sumki-telezhki	0	3
Аксессуары. Часы и ремешки	https://www.wildberries.ru/catalog/aksessuary/chasy-i-remeshki	0	3
Аксессуары. Чемоданы и защита багажа	https://www.wildberries.ru/catalog/muzhchinam/aksessuary/chemodany-i-dorozhnye-sumki	0	4
Аксессуары. Ювелирные изделия	https://www.wildberries.ru/catalog/yuvelirnye-ukrasheniya	0	2
Бытовая техника. Климатическая техника. Аксессуары и запчасти для климатической техники	https://www.wildberries.ru/catalog/elektronika/tehnika-dlya-doma/uvlazhniteli-i-vozduhootchistiteli/aksessuary-i-zapchasti-dlya-klimaticheskoy-tekxniki	0	4
Бытовая техника. Климатическая техника. Вентиляторы	https://www.wildberries.ru/catalog/elektronika/tehnika-dlya-doma/uvlazhniteli-i-vozduhootchistiteli/ventilyatory	0	4
Бытовая техника. Климатическая техника. Кондиционеры и сплит-системы	https://www.wildberries.ru/catalog/elektronika/tehnika-dlya-doma/uvlazhniteli-i-vozduhootchistiteli/konditsionery-i-split-sistemy	0	1
Бытовая техника. Климатическая техника. Котлы отопления	https://www.wildberries.ru/catalog/elektronika/tehnika-dlya-doma/uvlazhniteli-i-vozduhootchistiteli/kotly-otopleniya	0	3
Бытовая техника. Климатическая техника. Обогреватели и тепловентиляторы	https://www.wildberries.ru/catalog/elektronika/tehnika-dlya-doma/uvlazhniteli-i-vozduhootchistiteli/obogrevateli-i-teploventilyatory	0	1
Бытовая техника. Климатическая техника. Осушители воздуха	https://www.wildberries.ru/catalog/elektronika/tehnika-dlya-doma/uvlazhniteli-i-vozduhootchistiteli/osushiteli-vozdukxa	0	4
Бытовая техника. Климатическая техника. Печи для бани	https://www.wildberries.ru/catalog/elektronika/tehnika-dlya-doma/uvlazhniteli-i-vozduhootchistiteli/pechi-dlya-bani	0	1
Бытовая техника. Климатическая техника. Погодные станции	https://www.wildberries.ru/catalog/elektronika/tehnika-dlya-doma/uvlazhniteli-i-vozduhootchistiteli/pogodnye-stantsii	0	2
Бытовая техника. Климатическая техника. Приточные установки	https://www.wildberries.ru/catalog/elektronika/tehnika-dlya-doma/uvlazhniteli-i-vozduhootchistiteli/pritochnye-ustanovki	0	2
Бытовая техника. Климатическая техника. Сушилки для рук	https://www.wildberries.ru/catalog/elektronika/tehnika-dlya-doma/uvlazhniteli-i-vozduhootchistiteli/sushilki-dlya-ruk	0	4
Бытовая техника. Климатическая техника. Увлажнители и очистители воздуха	https://www.wildberries.ru/catalog/elektronika/tehnika-dlya-doma/uvlazhniteli-i-vozduhootchistiteli/uvlazhniteli-i-ochistiteli-vozdukxa	0	4
Бытовая техника. Красота и здоровье. Бритвы и триммеры	https://www.wildberries.ru/catalog/elektronika/krasota-i-zdorove/britvy-i-trimmery	0	3
Бытовая техника. Красота и здоровье. Весы напольные	https://www.wildberries.ru/catalog/elektronika/tehnika-dlya-doma/vesy	0	1
Бытовая техника. Красота и здоровье. Зубные щетки и ирригаторы	https://www.wildberries.ru/catalog/elektronika/zubnye-shchetki	0	4
Бытовая техника. Красота и здоровье. Косметические аппараты	https://www.wildberries.ru/catalog/elektronika/kosmeticheskie-apparaty	0	2
Бытовая техника. Красота и здоровье. Массажеры электрические	https://www.wildberries.ru/catalog/elektronika/krasota-i-zdorove/massazhery-elektricheskie	0	1
Бытовая техника. Красота и здоровье. Машинки для стрижки волос	https://www.wildberries.ru/catalog/elektronika/krasota-i-zdorove/britvy-i-trimmery/mashinki-dlya-strizhki-volos	0	3
Бытовая техника. Красота и здоровье. Медицинские приборы	https://www.wildberries.ru/catalog/elektronika/krasota-i-zdorove/meditsinskie-pribory	0	4
Бытовая техника. Красота и здоровье. Профессиональная парикмахерская техника	https://www.wildberries.ru/catalog/elektronika/krasota-i-zdorove/professionalnaya-parikmaherskaya-tehnika/bytovaya-tehnika	0	4
Бытовая техника. Красота и здоровье. Фены, приборы для укладки	https://www.wildberries.ru/catalog/elektronika/feny-i-pribory-dlya-ukladki	0	2
Бытовая техника. Красота и здоровье. Эпиляторы	https://www.wildberries.ru/catalog/elektronika/krasota-i-zdorove/epilyatory	0	2
Бытовая техника. Крупная бытовая техника. Аксессуары и запчасти для крупной бытовой техники	https://www.wildberries.ru/catalog/bytovaya-tehnika/krupnaya-bytovaya-tehnika/aksessuary-i-zapchasti-dlya-krupnoy-bytovoy-tekxniki	0	3
Бытовая техника. Крупная бытовая техника. Встраиваемая техника. Варочные панели	https://www.wildberries.ru/catalog/bytovaya-tehnika/krupnaya-bytovaya-tehnika/vstraivaemaya-tekxnika/varochnye-paneli	0	3
Бытовая техника. Крупная бытовая техника. Встраиваемая техника. Винные шкафы	https://www.wildberries.ru/catalog/bytovaya-tehnika/krupnaya-bytovaya-tehnika/vstraivaemaya-tekxnika/vinnye-shkafy	0	1
Бытовая техника. Крупная бытовая техника. Встраиваемая техника. Вытяжки кухонные	https://www.wildberries.ru/catalog/bytovaya-tehnika/krupnaya-bytovaya-tehnika/vstraivaemaya-tekxnika/vytyazhki-kukxonnye	0	4
Бытовая техника. Крупная бытовая техника. Встраиваемая техника. Духовые шкафы	https://www.wildberries.ru/catalog/bytovaya-tehnika/krupnaya-bytovaya-tehnika/vstraivaemaya-tekxnika/dukxovye-shkafy	0	3
Бытовая техника. Крупная бытовая техника. Встраиваемая техника. Кофемашины	https://www.wildberries.ru/catalog/bytovaya-tehnika/krupnaya-bytovaya-tehnika/vstraivaemaya-tekxnika/kofemashiny	0	1
Бытовая техника. Крупная бытовая техника. Встраиваемая техника. Микроволновые печи	https://www.wildberries.ru/catalog/bytovaya-tehnika/krupnaya-bytovaya-tehnika/vstraivaemaya-tekxnika/mikrovolnovye-pechi	0	2
Бытовая техника. Крупная бытовая техника. Встраиваемая техника. Морозильные камеры	https://www.wildberries.ru/catalog/bytovaya-tehnika/krupnaya-bytovaya-tehnika/vstraivaemaya-tekxnika/morozilnye-kamery	0	1
Бытовая техника. Крупная бытовая техника. Встраиваемая техника. Посудомоечные машины	https://www.wildberries.ru/catalog/bytovaya-tehnika/krupnaya-bytovaya-tehnika/vstraivaemaya-tekxnika/posudomoechnye-mashiny	0	4
Бытовая техника. Крупная бытовая техника. Встраиваемая техника. Стиральные машины	https://www.wildberries.ru/catalog/bytovaya-tehnika/krupnaya-bytovaya-tehnika/vstraivaemaya-tekxnika/stiralnye-mashiny	0	2
Бытовая техника. Крупная бытовая техника. Встраиваемая техника. Холодильники	https://www.wildberries.ru/catalog/bytovaya-tehnika/krupnaya-bytovaya-tehnika/vstraivaemaya-tekxnika/kxolodilniki	0	1
Бытовая техника. Крупная бытовая техника. Отдельностоящая техника. Винные шкафы	https://www.wildberries.ru/catalog/bytovaya-tehnika/krupnaya-bytovaya-tehnika/otdelnostoyashchaya-tekxnika/vinnye-shkafy	0	2
Бытовая техника. Крупная бытовая техника. Отдельностоящая техника. Кухонные плиты	https://www.wildberries.ru/catalog/bytovaya-tehnika/krupnaya-bytovaya-tehnika/otdelnostoyashchaya-tekxnika/kukxonnye-plity	0	3
Бытовая техника. Крупная бытовая техника. Отдельностоящая техника. Микроволновые печи	https://www.wildberries.ru/catalog/bytovaya-tehnika/krupnaya-bytovaya-tehnika/otdelnostoyashchaya-tekxnika/mikrovolnovye-pechi	0	3
Бытовая техника. Крупная бытовая техника. Отдельностоящая техника. Морозильные камеры	https://www.wildberries.ru/catalog/bytovaya-tehnika/krupnaya-bytovaya-tehnika/otdelnostoyashchaya-tekxnika/morozilnye-kamery	0	4
Бытовая техника. Крупная бытовая техника. Отдельностоящая техника. Посудомоечные машины	https://www.wildberries.ru/catalog/bytovaya-tehnika/krupnaya-bytovaya-tehnika/otdelnostoyashchaya-tekxnika/posudomoechnye-mashiny	0	4
Бытовая техника. Крупная бытовая техника. Отдельностоящая техника. Стиральные машины	https://www.wildberries.ru/catalog/bytovaya-tehnika/krupnaya-bytovaya-tehnika/otdelnostoyashchaya-tekxnika/stiralnye-mashiny	0	2
Бытовая техника. Крупная бытовая техника. Отдельностоящая техника. Холодильники	https://www.wildberries.ru/catalog/bytovaya-tehnika/krupnaya-bytovaya-tehnika/otdelnostoyashchaya-tekxnika/kxolodilniki	0	3
Бытовая техника. Крупная бытовая техника. Посудомоечные машины	https://www.wildberries.ru/catalog/bytovaya-tehnika/krupnaya-bytovaya-tehnika/posudomoechnye-mashiny	0	4
Бытовая техника. Крупная бытовая техника. Стиральные и сушильные машины	https://www.wildberries.ru/catalog/bytovaya-tehnika/krupnaya-bytovaya-tehnika/stiralnye-i-sushilnye-mashiny	0	1
Бытовая техника. Крупная бытовая техника. Холодильники и морозильные камеры	https://www.wildberries.ru/catalog/bytovaya-tehnika/krupnaya-bytovaya-tehnika/kxolodilniki-i-morozilnye-kamery	0	3
Бытовая техника. Садовая техника	https://www.wildberries.ru/catalog/bytovaya-tehnika/sadovaya-tehnika	0	2
Бытовая техника. Техника для дома. Аксессуары для пылесосов	https://www.wildberries.ru/catalog/elektronika/tehnika-dlya-doma/aksessuary-dlya-pylesosov	0	3
Бытовая техника. Техника для дома. Водонагреватели	https://www.wildberries.ru/catalog/elektronika/tehnika-dlya-doma/vodonagrevateli	0	2
Бытовая техника. Техника для дома. Обогреватели и вентиляторы	https://www.wildberries.ru/catalog/elektronika/tehnika-dlya-doma/obogrevateli-i-ventilyatory	0	2
Бытовая техника. Техника для дома. Пульты управления	https://www.wildberries.ru/catalog/elektronika/tehnika-dlya-doma/pulty-upravleniya	0	3
Бытовая техника. Техника для дома. Пылесосы и пароочистители. Автомобильные пылесосы	https://www.wildberries.ru/catalog/elektronika/tehnika-dlya-doma/pylesosy-i-parootchistiteli/avtomobilnye-pylesosy	0	1
Бытовая техника. Техника для дома. Пылесосы и пароочистители. Вертикальные пылесосы	https://www.wildberries.ru/catalog/elektronika/tehnika-dlya-doma/pylesosy-i-parootchistiteli/vertikalnye-pylesosy	0	3
Бытовая техника. Техника для дома. Пылесосы и пароочистители. Напольные пылесосы	https://www.wildberries.ru/catalog/elektronika/tehnika-dlya-doma/pylesosy-i-parootchistiteli/napolnye-pylesosy	0	2
Бытовая техника. Техника для дома. Пылесосы и пароочистители. Пароочистители и паровые швабры	https://www.wildberries.ru/catalog/elektronika/tehnika-dlya-doma/pylesosy-i-parootchistiteli/paroochistiteli-i-parovye-shvabry	0	2
Бытовая техника. Техника для дома. Пылесосы и пароочистители. Роботы-пылесосы	https://www.wildberries.ru/catalog/elektronika/tehnika-dlya-doma/pylesosy-i-parootchistiteli/roboty-pylesosy	0	3
Бытовая техника. Техника для дома. Пылесосы и пароочистители. Ручные и мини-пылесосы	https://www.wildberries.ru/catalog/elektronika/tehnika-dlya-doma/pylesosy-i-parootchistiteli/ruchnye-pylesosy	0	3
Бытовая техника. Техника для дома. Пылесосы и пароочистители. Стеклоочистители	https://www.wildberries.ru/catalog/elektronika/tehnika-dlya-doma/pylesosy-i-parootchistiteli/stekloochistiteli	0	1
Бытовая техника. Техника для дома. Пылесосы и пароочистители. Строительные пылесосы	https://www.wildberries.ru/catalog/elektronika/tehnika-dlya-doma/pylesosy-i-parootchistiteli/stroitelnye-pylesosy	0	1
Бытовая техника. Техника для дома. Пылесосы и пароочистители. Электрощетки	https://www.wildberries.ru/catalog/elektronika/tehnika-dlya-doma/pylesosy-i-parootchistiteli/elektroshchetki	0	3
Бытовая техника. Техника для дома. Утюги и отпариватели	https://www.wildberries.ru/catalog/elektronika/tehnika-dlya-doma/utyugi-i-otparivateli	0	1
Бытовая техника. Техника для дома. Уход за вещами	https://www.wildberries.ru/catalog/bytovaya-tehnika/tehnika-dlya-doma/uhod-za-veshchami	0	1
Бытовая техника. Техника для дома. Швейное оборудование	https://www.wildberries.ru/catalog/elektronika/tehnika-dlya-doma/shveynoe-oborudovanie	0	2
Бытовая техника. Техника для дома. Электрические одеяла и грелки	https://www.wildberries.ru/catalog/elektronika/tehnika-dlya-doma/elektricheskie-odeyala-i-grelki	0	1
Бытовая техника. Техника для кухни. Аксессуары для кухонной техники	https://www.wildberries.ru/catalog/elektronika/tehnika-dlya-kuhni/aksessuary-dlya-kuhonnoy-tehniki	0	3
Бытовая техника. Техника для кухни. Вытяжки кухонные	https://www.wildberries.ru/catalog/elektronika/tehnika-dlya-kuhni/vytyazhki-kuhonnye	0	3
Бытовая техника. Техника для кухни. Измельчение и смешивание	https://www.wildberries.ru/catalog/elektronika/tehnika-dlya-kuhni/izmelchenie-i-smeshivanie	0	1
